Timestamp,Category,Severity,Details
"2026-05-10 08:28:04","File Created","LOW","oracle.py in Desktop"
"2026-05-10 08:28:04","File Created","LOW","mysql.py in Desktop"
"2026-05-10 08:28:04","File Created","LOW","mssql.py in Desktop"
"2026-05-10 08:28:04","File Created","LOW","misc.py in Desktop"
"2026-05-10 08:28:04","File Created","LOW","md5_crypt.py in Desktop"
"2026-05-10 08:28:04","File Created","LOW","ldap_digests.py in Desktop"
"2026-05-10 08:28:04","File Created","LOW","fshp.py in Desktop"
"2026-05-10 08:28:04","File Created","LOW","django.py in Desktop"
"2026-05-10 08:28:04","File Created","LOW","digests.py in Desktop"
"2026-05-10 08:28:04","File Created","LOW","des_crypt.py in Desktop"
"2026-05-10 08:28:04","File Created","LOW","cisco.py in Desktop"
"2026-05-10 08:28:04","File Created","LOW","bcrypt.py in Desktop"
"2026-05-10 08:28:04","File Created","LOW","argon2.py in Desktop"
"2026-05-10 08:28:04","File Created","LOW","__init__.py in Desktop"
"2026-05-10 08:28:04","File Created","LOW","__init__.py in Desktop"
"2026-05-10 08:28:04","File Created","LOW","_md4.py in Desktop"
"2026-05-10 08:28:04","File Created","LOW","digest.py in Desktop"
"2026-05-10 08:28:03","File Created","LOW","des.py in Desktop"
"2026-05-10 08:28:03","File Created","LOW","__init__.cpython-314.pyc in Desktop"
"2026-05-10 08:28:03","File Created","LOW","status_codes.cpython-314.pyc in Desktop"
"2026-05-10 08:28:03","File Created","LOW","spinners.cpython-314.pyc in Desktop"
"2026-05-10 08:28:03","File Created","LOW","req_command.cpython-314.pyc in Desktop"
"2026-05-10 08:28:03","File Created","LOW","progress_bars.cpython-314.pyc in Desktop"
"2026-05-10 08:28:03","File Created","LOW","parser.cpython-314.pyc in Desktop"
"2026-05-10 08:28:03","File Created","LOW","main_parser.cpython-314.pyc in Desktop"
"2026-05-10 08:28:03","File Created","LOW","main.cpython-314.pyc in Desktop"
"2026-05-10 08:28:03","File Created","LOW","index_command.cpython-314.pyc in Desktop"
"2026-05-10 08:28:03","File Created","LOW","command_context.cpython-314.pyc in Desktop"
"2026-05-10 08:28:03","File Created","LOW","cmdoptions.cpython-314.pyc in Desktop"
"2026-05-10 08:28:03","File Created","LOW","base_command.cpython-314.pyc in Desktop"
"2026-05-10 08:28:03","File Created","LOW","autocompletion.cpython-314.pyc in Desktop"
"2026-05-10 08:28:03","File Created","LOW","__init__.cpython-314.pyc in Desktop"
"2026-05-10 08:28:03","File Created","LOW","wheel.cpython-314.pyc in Desktop"
"2026-05-10 08:28:03","File Created","LOW","uninstall.cpython-314.pyc in Desktop"
"2026-05-10 08:28:03","File Created","LOW","show.cpython-314.pyc in Desktop"
"2026-05-10 08:28:03","File Created","LOW","search.cpython-314.pyc in Desktop"
"2026-05-10 08:28:03","File Created","LOW","lock.cpython-314.pyc in Desktop"
"2026-05-10 08:28:03","File Created","LOW","list.cpython-314.pyc in Desktop"
"2026-05-10 08:28:03","File Created","LOW","install.cpython-314.pyc in Desktop"
"2026-05-10 08:28:03","File Created","LOW","inspect.cpython-314.pyc in Desktop"
"2026-05-10 08:28:03","File Created","LOW","index.cpython-314.pyc in Desktop"
"2026-05-10 08:28:03","File Created","LOW","help.cpython-314.pyc in Desktop"
"2026-05-10 08:28:03","File Created","LOW","hash.cpython-314.pyc in Desktop"
"2026-05-10 08:28:03","File Created","LOW","freeze.cpython-314.pyc in Desktop"
"2026-05-10 08:28:03","File Created","LOW","download.cpython-314.pyc in Desktop"
"2026-05-10 08:28:03","File Created","LOW","debug.cpython-314.pyc in Desktop"
"2026-05-10 08:28:03","File Created","LOW","configuration.cpython-314.pyc in Desktop"
"2026-05-10 08:28:03","File Created","LOW","completion.cpython-314.pyc in Desktop"
"2026-05-10 08:28:03","File Created","LOW","check.cpython-314.pyc in Desktop"
"2026-05-10 08:28:03","File Created","LOW","cache.cpython-314.pyc in Desktop"
"2026-05-10 08:28:03","File Created","LOW","__init__.cpython-314.pyc in Desktop"
"2026-05-10 08:28:03","File Created","LOW","wheel.cpython-314.pyc in Desktop"
"2026-05-10 08:28:03","File Created","LOW","sdist.cpython-314.pyc in Desktop"
"2026-05-10 08:28:03","File Created","LOW","installed.cpython-314.pyc in Desktop"
"2026-05-10 08:28:03","File Created","LOW","base.cpython-314.pyc in Desktop"
"2026-05-10 08:28:03","File Created","LOW","__init__.cpython-314.pyc in Desktop"
"2026-05-10 08:28:03","File Created","LOW","sources.cpython-314.pyc in Desktop"
"2026-05-10 08:28:03","File Created","LOW","package_finder.cpython-314.pyc in Desktop"
"2026-05-10 08:28:03","File Created","LOW","collector.cpython-314.pyc in Desktop"
"2026-05-10 08:28:03","File Created","LOW","__init__.cpython-314.pyc in Desktop"
"2026-05-10 08:28:03","File Created","LOW","_sysconfig.cpython-314.pyc in Desktop"
"2026-05-10 08:28:03","File Created","LOW","_distutils.cpython-314.pyc in Desktop"
"2026-05-10 08:28:03","File Created","LOW","base.cpython-314.pyc in Desktop"
"2026-05-10 08:28:03","File Created","LOW","__init__.cpython-314.pyc in Desktop"
"2026-05-10 08:28:03","File Created","LOW","_envs.cpython-314.pyc in Desktop"
"2026-05-10 08:28:03","File Created","LOW","_dists.cpython-314.pyc in Desktop"
"2026-05-10 08:28:03","File Created","LOW","_compat.cpython-314.pyc in Desktop"
"2026-05-10 08:28:03","File Created","LOW","__init__.cpython-314.pyc in Desktop"
"2026-05-10 08:28:03","File Created","LOW","_json.cpython-314.pyc in Desktop"
"2026-05-10 08:28:03","File Created","LOW","pkg_resources.cpython-314.pyc in Desktop"
"2026-05-10 08:28:03","File Created","LOW","base.cpython-314.pyc in Desktop"
"2026-05-10 08:28:03","File Created","LOW","__init__.py in Desktop"
"2026-05-10 08:28:03","File Created","LOW","_envs.py in Desktop"
"2026-05-10 08:28:03","File Created","LOW","_dists.py in Desktop"
"2026-05-10 08:28:03","File Created","LOW","_compat.py in Desktop"
"2026-05-10 08:28:03","File Created","LOW","__init__.cpython-314.pyc in Desktop"
"2026-05-10 08:28:03","File Created","LOW","wheel.cpython-314.pyc in Desktop"
"2026-05-10 08:28:03","File Created","LOW","target_python.cpython-314.pyc in Desktop"
"2026-05-10 08:28:02","File Created","LOW","selection_prefs.cpython-314.pyc in Desktop"
"2026-05-10 08:28:02","File Created","LOW","search_scope.cpython-314.pyc in Desktop"
"2026-05-10 08:28:02","File Created","LOW","scheme.cpython-314.pyc in Desktop"
"2026-05-10 08:28:02","File Created","LOW","pylock.cpython-314.pyc in Desktop"
"2026-05-10 08:28:02","File Created","LOW","link.cpython-314.pyc in Desktop"
"2026-05-10 08:28:02","File Created","LOW","installation_report.cpython-314.pyc in Desktop"
"2026-05-10 08:28:02","File Created","LOW","index.cpython-314.pyc in Desktop"
"2026-05-10 08:28:02","File Created","LOW","format_control.cpython-314.pyc in Desktop"
"2026-05-10 08:28:02","File Created","LOW","direct_url.cpython-314.pyc in Desktop"
"2026-05-10 08:28:02","File Created","LOW","candidate.cpython-314.pyc in Desktop"
"2026-05-10 08:28:02","File Created","LOW","__init__.cpython-314.pyc in Desktop"
"2026-05-10 08:28:02","File Created","LOW","xmlrpc.cpython-314.pyc in Desktop"
"2026-05-10 08:28:02","File Created","LOW","utils.cpython-314.pyc in Desktop"
"2026-05-10 08:28:02","File Created","LOW","session.cpython-314.pyc in Desktop"
"2026-05-10 08:28:02","File Created","LOW","lazy_wheel.cpython-314.pyc in Desktop"
"2026-05-10 08:28:02","File Created","LOW","download.cpython-314.pyc in Desktop"
"2026-05-10 08:28:02","File Created","LOW","cache.cpython-314.pyc in Desktop"
"2026-05-10 08:28:02","File Created","LOW","auth.cpython-314.pyc in Desktop"
"2026-05-10 08:28:02","File Created","LOW","__init__.cpython-314.pyc in Desktop"
"2026-05-10 08:28:02","File Created","LOW","wheel_editable.cpython-314.pyc in Desktop"
"2026-05-10 08:28:02","File Created","LOW","wheel.cpython-314.pyc in Desktop"
"2026-05-10 08:28:02","File Created","LOW","metadata_editable.cpython-314.pyc in Desktop"
"2026-05-10 08:28:02","File Created","LOW","metadata.cpython-314.pyc in Desktop"
"2026-05-10 08:28:02","File Created","LOW","build_tracker.cpython-314.pyc in Desktop"
"2026-05-10 08:28:02","File Created","LOW","__init__.cpython-314.pyc in Desktop"
"2026-05-10 08:28:02","File Created","LOW","wheel.cpython-314.pyc in Desktop"
"2026-05-10 08:28:02","File Created","LOW","__init__.cpython-314.pyc in Desktop"
"2026-05-10 08:28:02","File Created","LOW","prepare.cpython-314.pyc in Desktop"
"2026-05-10 08:28:02","File Created","LOW","freeze.cpython-314.pyc in Desktop"
"2026-05-10 08:28:02","File Created","LOW","check.cpython-314.pyc in Desktop"
"2026-05-10 08:28:02","File Created","LOW","__init__.py in Desktop"
"2026-05-10 08:28:02","File Created","LOW","wheel.py in Desktop"
"2026-05-10 08:28:02","File Created","LOW","__init__.py in Desktop"
"2026-05-10 08:28:02","File Created","LOW","wheel_editable.py in Desktop"
"2026-05-10 08:28:02","File Created","LOW","wheel.py in Desktop"
"2026-05-10 08:28:02","File Created","LOW","metadata_editable.py in Desktop"
"2026-05-10 08:28:02","File Created","LOW","metadata.py in Desktop"
"2026-05-10 08:28:02","File Created","LOW","build_tracker.py in Desktop"
"2026-05-10 08:28:02","File Created","LOW","__init__.cpython-314.pyc in Desktop"
"2026-05-10 08:28:02","File Created","LOW","req_uninstall.cpython-314.pyc in Desktop"
"2026-05-10 08:28:02","File Created","LOW","req_set.cpython-314.pyc in Desktop"
"2026-05-10 08:28:02","File Created","LOW","req_install.cpython-314.pyc in Desktop"
"2026-05-10 08:28:02","File Created","LOW","req_file.cpython-314.pyc in Desktop"
"2026-05-10 08:28:02","File Created","LOW","req_dependency_group.cpython-314.pyc in Desktop"
"2026-05-10 08:28:02","File Created","LOW","constructors.cpython-314.pyc in Desktop"
"2026-05-10 08:28:02","File Created","LOW","__init__.cpython-314.pyc in Desktop"
"2026-05-10 08:28:02","File Created","LOW","resolver.cpython-314.pyc in Desktop"
"2026-05-10 08:28:02","File Created","LOW","__init__.cpython-314.pyc in Desktop"
"2026-05-10 08:28:02","File Created","LOW","resolver.cpython-314.pyc in Desktop"
"2026-05-10 08:28:02","File Created","LOW","requirements.cpython-314.pyc in Desktop"
"2026-05-10 08:28:02","File Created","LOW","reporter.cpython-314.pyc in Desktop"
"2026-05-10 08:28:02","File Created","LOW","provider.cpython-314.pyc in Desktop"
"2026-05-10 08:28:02","File Created","LOW","found_candidates.cpython-314.pyc in Desktop"
"2026-05-10 08:28:02","File Created","LOW","factory.cpython-314.pyc in Desktop"
"2026-05-10 08:28:02","File Created","LOW","candidates.cpython-314.pyc in Desktop"
"2026-05-10 08:28:02","File Created","LOW","base.cpython-314.pyc in Desktop"
"2026-05-10 08:28:02","File Created","LOW","__init__.cpython-314.pyc in Desktop"
"2026-05-10 08:28:02","File Created","LOW","base.cpython-314.pyc in Desktop"
"2026-05-10 08:28:02","File Created","LOW","__init__.py in Desktop"
"2026-05-10 08:28:02","File Created","LOW","resolver.py in Desktop"
"2026-05-10 08:28:02","File Created","LOW","requirements.py in Desktop"
"2026-05-10 08:28:02","File Created","LOW","reporter.py in Desktop"
"2026-05-10 08:28:02","File Created","LOW","provider.py in Desktop"
"2026-05-10 08:28:02","File Created","LOW","found_candidates.py in Desktop"
"2026-05-10 08:28:02","File Created","LOW","factory.py in Desktop"
"2026-05-10 08:28:02","File Created","LOW","candidates.py in Desktop"
"2026-05-10 08:28:02","File Created","LOW","base.py in Desktop"
"2026-05-10 08:28:02","File Created","LOW","__init__.py in Desktop"
"2026-05-10 08:28:02","File Created","LOW","resolver.py in Desktop"
"2026-05-10 08:28:02","File Created","LOW","__init__.cpython-314.pyc in Desktop"
"2026-05-10 08:28:01","File Created","LOW","_log.cpython-314.pyc in Desktop"
"2026-05-10 08:28:01","File Created","LOW","_jaraco_text.cpython-314.pyc in Desktop"
"2026-05-10 08:28:01","File Created","LOW","wheel.cpython-314.pyc in Desktop"
"2026-05-10 08:28:01","File Created","LOW","virtualenv.cpython-314.pyc in Desktop"
"2026-05-10 08:28:01","File Created","LOW","urls.cpython-314.pyc in Desktop"
"2026-05-10 08:28:01","File Created","LOW","unpacking.cpython-314.pyc in Desktop"
"2026-05-10 08:28:01","File Created","LOW","temp_dir.cpython-314.pyc in Desktop"
"2026-05-10 08:28:01","File Created","LOW","subprocess.cpython-314.pyc in Desktop"
"2026-05-10 08:28:01","File Created","LOW","retry.cpython-314.pyc in Desktop"
"2026-05-10 08:28:01","File Created","LOW","packaging.cpython-314.pyc in Desktop"
"2026-05-10 08:28:01","File Created","LOW","misc.cpython-314.pyc in Desktop"
"2026-05-10 08:28:01","File Created","LOW","logging.cpython-314.pyc in Desktop"
"2026-05-10 08:28:01","File Created","LOW","hashes.cpython-314.pyc in Desktop"
"2026-05-10 08:28:01","File Created","LOW","glibc.cpython-314.pyc in Desktop"
"2026-05-10 08:28:01","File Created","LOW","filetypes.cpython-314.pyc in Desktop"
"2026-05-10 08:28:01","File Created","LOW","filesystem.cpython-314.pyc in Desktop"
"2026-05-10 08:28:01","File Created","LOW","entrypoints.cpython-314.pyc in Desktop"
"2026-05-10 08:28:01","File Created","LOW","egg_link.cpython-314.pyc in Desktop"
"2026-05-10 08:28:01","File Created","LOW","direct_url_helpers.cpython-314.pyc in Desktop"
"2026-05-10 08:28:01","File Created","LOW","deprecation.cpython-314.pyc in Desktop"
"2026-05-10 08:28:01","File Created","LOW","datetime.cpython-314.pyc in Desktop"
"2026-05-10 08:28:01","File Created","LOW","compatibility_tags.cpython-314.pyc in Desktop"
"2026-05-10 08:28:01","File Created","LOW","compat.cpython-314.pyc in Desktop"
"2026-05-10 08:28:01","File Created","LOW","appdirs.cpython-314.pyc in Desktop"
"2026-05-10 08:28:01","File Created","LOW","__init__.cpython-314.pyc in Desktop"
"2026-05-10 08:28:01","File Created","LOW","versioncontrol.cpython-314.pyc in Desktop"
"2026-05-10 08:28:01","File Created","LOW","subversion.cpython-314.pyc in Desktop"
"2026-05-10 08:28:01","File Created","LOW","mercurial.cpython-314.pyc in Desktop"
"2026-05-10 08:28:01","File Created","LOW","git.cpython-314.pyc in Desktop"
"2026-05-10 08:28:01","File Created","LOW","bazaar.cpython-314.pyc in Desktop"
"2026-05-10 08:28:01","File Created","LOW","__init__.cpython-314.pyc in Desktop"
"2026-05-10 08:28:01","File Created","LOW","wheel_builder.cpython-314.pyc in Desktop"
"2026-05-10 08:28:01","File Created","LOW","self_outdated_check.cpython-314.pyc in Desktop"
"2026-05-10 08:28:01","File Created","LOW","pyproject.cpython-314.pyc in Desktop"
"2026-05-10 08:28:01","File Created","LOW","main.cpython-314.pyc in Desktop"
"2026-05-10 08:28:01","File Created","LOW","exceptions.cpython-314.pyc in Desktop"
"2026-05-10 08:28:01","File Created","LOW","configuration.cpython-314.pyc in Desktop"
"2026-05-10 08:28:01","File Created","LOW","cache.cpython-314.pyc in Desktop"
"2026-05-10 08:28:01","File Created","LOW","build_env.cpython-314.pyc in Desktop"
"2026-05-10 08:28:01","File Created","LOW","__init__.py in Desktop"
"2026-05-10 08:28:01","File Created","LOW","versioncontrol.py in Desktop"
"2026-05-10 08:28:01","File Created","LOW","subversion.py in Desktop"
"2026-05-10 08:28:01","File Created","LOW","mercurial.py in Desktop"
"2026-05-10 08:28:01","File Created","LOW","git.py in Desktop"
"2026-05-10 08:28:01","File Created","LOW","bazaar.py in Desktop"
"2026-05-10 08:28:01","File Created","LOW","__init__.py in Desktop"
"2026-05-10 08:28:01","File Created","LOW","_log.py in Desktop"
"2026-05-10 08:28:01","File Created","LOW","_jaraco_text.py in Desktop"
"2026-05-10 08:28:01","File Created","LOW","wheel.py in Desktop"
"2026-05-10 08:28:01","File Created","LOW","virtualenv.py in Desktop"
"2026-05-10 08:28:01","File Created","LOW","urls.py in Desktop"
"2026-05-10 08:28:01","File Created","LOW","unpacking.py in Desktop"
"2026-05-10 08:28:01","File Created","LOW","temp_dir.py in Desktop"
"2026-05-10 08:28:01","File Created","LOW","subprocess.py in Desktop"
"2026-05-10 08:28:01","File Created","LOW","retry.py in Desktop"
"2026-05-10 08:28:01","File Created","LOW","packaging.py in Desktop"
"2026-05-10 08:28:01","File Created","LOW","misc.py in Desktop"
"2026-05-10 08:28:01","File Created","LOW","logging.py in Desktop"
"2026-05-10 08:28:01","File Created","LOW","hashes.py in Desktop"
"2026-05-10 08:28:01","File Created","LOW","glibc.py in Desktop"
"2026-05-10 08:28:01","File Created","LOW","filetypes.py in Desktop"
"2026-05-10 08:28:01","File Created","LOW","filesystem.py in Desktop"
"2026-05-10 08:28:01","File Created","LOW","entrypoints.py in Desktop"
"2026-05-10 08:28:01","File Created","LOW","egg_link.py in Desktop"
"2026-05-10 08:28:01","File Created","LOW","direct_url_helpers.py in Desktop"
"2026-05-10 08:28:01","File Created","LOW","deprecation.py in Desktop"
"2026-05-10 08:28:01","File Created","LOW","datetime.py in Desktop"
"2026-05-10 08:28:01","File Created","LOW","compatibility_tags.py in Desktop"
"2026-05-10 08:28:01","File Created","LOW","compat.py in Desktop"
"2026-05-10 08:28:01","File Created","LOW","appdirs.py in Desktop"
"2026-05-10 08:28:01","File Created","LOW","__init__.py in Desktop"
"2026-05-10 08:28:01","File Created","LOW","base.py in Desktop"
"2026-05-10 08:28:01","File Created","LOW","__init__.py in Desktop"
"2026-05-10 08:28:01","File Created","LOW","req_uninstall.py in Desktop"
"2026-05-10 08:28:01","File Created","LOW","req_set.py in Desktop"
"2026-05-10 08:28:01","File Created","LOW","req_install.py in Desktop"
"2026-05-10 08:28:01","File Created","LOW","req_file.py in Desktop"
"2026-05-10 08:28:01","File Created","LOW","req_dependency_group.py in Desktop"
"2026-05-10 08:28:01","File Created","LOW","constructors.py in Desktop"
"2026-05-10 08:28:01","File Created","LOW","__init__.py in Desktop"
"2026-05-10 08:28:01","File Created","LOW","prepare.py in Desktop"
"2026-05-10 08:28:00","File Created","LOW","freeze.py in Desktop"
"2026-05-10 08:28:00","File Created","LOW","check.py in Desktop"
"2026-05-10 08:28:00","File Created","LOW","__init__.py in Desktop"
"2026-05-10 08:28:00","File Created","LOW","xmlrpc.py in Desktop"
"2026-05-10 08:28:00","File Created","LOW","utils.py in Desktop"
"2026-05-10 08:28:00","File Created","LOW","session.py in Desktop"
"2026-05-10 08:28:00","File Created","LOW","lazy_wheel.py in Desktop"
"2026-05-10 08:28:00","File Created","LOW","download.py in Desktop"
"2026-05-10 08:28:00","File Created","LOW","cache.py in Desktop"
"2026-05-10 08:28:00","File Created","LOW","auth.py in Desktop"
"2026-05-10 08:28:00","File Created","LOW","__init__.py in Desktop"
"2026-05-10 08:28:00","File Created","LOW","wheel.py in Desktop"
"2026-05-10 08:28:00","File Created","LOW","target_python.py in Desktop"
"2026-05-10 08:28:00","File Created","LOW","selection_prefs.py in Desktop"
"2026-05-10 08:28:00","File Created","LOW","search_scope.py in Desktop"
"2026-05-10 08:28:00","File Created","LOW","scheme.py in Desktop"
"2026-05-10 08:28:00","File Created","LOW","pylock.py in Desktop"
"2026-05-10 08:28:00","File Created","LOW","link.py in Desktop"
"2026-05-10 08:28:00","File Created","LOW","installation_report.py in Desktop"
"2026-05-10 08:28:00","File Created","LOW","index.py in Desktop"
"2026-05-10 08:28:00","File Created","LOW","format_control.py in Desktop"
"2026-05-10 08:28:00","File Created","LOW","direct_url.py in Desktop"
"2026-05-10 08:28:00","File Created","LOW","candidate.py in Desktop"
"2026-05-10 08:28:00","File Created","LOW","__init__.py in Desktop"
"2026-05-10 08:28:00","File Created","LOW","_json.py in Desktop"
"2026-05-10 08:28:00","File Created","LOW","pkg_resources.py in Desktop"
"2026-05-10 08:28:00","File Created","LOW","base.py in Desktop"
"2026-05-10 08:28:00","File Created","LOW","__init__.py in Desktop"
"2026-05-10 08:28:00","File Created","LOW","_sysconfig.py in Desktop"
"2026-05-10 08:28:00","File Created","LOW","_distutils.py in Desktop"
"2026-05-10 08:28:00","File Created","LOW","base.py in Desktop"
"2026-05-10 08:28:00","File Created","LOW","__init__.py in Desktop"
"2026-05-10 08:28:00","File Created","LOW","sources.py in Desktop"
"2026-05-10 08:28:00","File Created","LOW","package_finder.py in Desktop"
"2026-05-10 08:28:00","File Created","LOW","collector.py in Desktop"
"2026-05-10 08:28:00","File Created","LOW","__init__.py in Desktop"
"2026-05-10 08:28:00","File Created","LOW","wheel.py in Desktop"
"2026-05-10 08:28:00","File Created","LOW","sdist.py in Desktop"
"2026-05-10 08:28:00","File Created","LOW","installed.py in Desktop"
"2026-05-10 08:28:00","File Created","LOW","base.py in Desktop"
"2026-05-10 08:28:00","File Created","LOW","__init__.py in Desktop"
"2026-05-10 08:28:00","File Created","LOW","wheel.py in Desktop"
"2026-05-10 08:28:00","File Created","LOW","uninstall.py in Desktop"
"2026-05-10 08:28:00","File Created","LOW","show.py in Desktop"
"2026-05-10 08:28:00","File Created","LOW","search.py in Desktop"
"2026-05-10 08:28:00","File Created","LOW","lock.py in Desktop"
"2026-05-10 08:28:00","File Created","LOW","list.py in Desktop"
"2026-05-10 08:28:00","File Created","LOW","install.py in Desktop"
"2026-05-10 08:28:00","File Created","LOW","inspect.py in Desktop"
"2026-05-10 08:28:00","File Created","LOW","index.py in Desktop"
"2026-05-10 08:28:00","File Created","LOW","help.py in Desktop"
"2026-05-10 08:28:00","File Created","LOW","hash.py in Desktop"
"2026-05-10 08:28:00","File Created","LOW","freeze.py in Desktop"
"2026-05-10 08:28:00","File Created","LOW","download.py in Desktop"
"2026-05-10 08:28:00","File Created","LOW","debug.py in Desktop"
"2026-05-10 08:28:00","File Created","LOW","configuration.py in Desktop"
"2026-05-10 08:28:00","File Created","LOW","completion.py in Desktop"
"2026-05-10 08:28:00","File Created","LOW","check.py in Desktop"
"2026-05-10 08:28:00","File Created","LOW","cache.py in Desktop"
"2026-05-10 08:28:00","File Created","LOW","__init__.py in Desktop"
"2026-05-10 08:28:00","File Created","LOW","status_codes.py in Desktop"
"2026-05-10 08:28:00","File Created","LOW","spinners.py in Desktop"
"2026-05-10 08:28:00","File Created","LOW","req_command.py in Desktop"
"2026-05-10 08:28:00","File Created","LOW","progress_bars.py in Desktop"
"2026-05-10 08:28:00","File Created","LOW","parser.py in Desktop"
"2026-05-10 08:28:00","File Created","LOW","main_parser.py in Desktop"
"2026-05-10 08:28:00","File Created","LOW","main.py in Desktop"
"2026-05-10 08:28:00","File Created","LOW","index_command.py in Desktop"
"2026-05-10 08:28:00","File Created","LOW","command_context.py in Desktop"
"2026-05-10 08:28:00","File Created","LOW","cmdoptions.py in Desktop"
"2026-05-10 08:28:00","File Created","LOW","base_command.py in Desktop"
"2026-05-10 08:28:00","File Created","LOW","autocompletion.py in Desktop"
"2026-05-10 08:28:00","File Created","LOW","__init__.cpython-314.pyc in Desktop"
"2026-05-10 08:27:59","File Created","LOW","redis_cache.cpython-314.pyc in Desktop"
"2026-05-10 08:27:59","File Created","LOW","file_cache.cpython-314.pyc in Desktop"
"2026-05-10 08:27:59","File Created","LOW","__init__.cpython-314.pyc in Desktop"
"2026-05-10 08:27:59","File Created","LOW","_cmd.cpython-314.pyc in Desktop"
"2026-05-10 08:27:59","File Created","LOW","wrapper.cpython-314.pyc in Desktop"
"2026-05-10 08:27:59","File Created","LOW","serialize.cpython-314.pyc in Desktop"
"2026-05-10 08:27:59","File Created","LOW","heuristics.cpython-314.pyc in Desktop"
"2026-05-10 08:27:59","File Created","LOW","filewrapper.cpython-314.pyc in Desktop"
"2026-05-10 08:27:59","File Created","LOW","controller.cpython-314.pyc in Desktop"
"2026-05-10 08:27:59","File Created","LOW","cache.cpython-314.pyc in Desktop"
"2026-05-10 08:27:59","File Created","LOW","adapter.cpython-314.pyc in Desktop"
"2026-05-10 08:27:59","File Created","LOW","__init__.py in Desktop"
"2026-05-10 08:27:59","File Created","LOW","redis_cache.py in Desktop"
"2026-05-10 08:27:59","File Created","LOW","file_cache.py in Desktop"
"2026-05-10 08:27:59","File Created","LOW","__main__.cpython-314.pyc in Desktop"
"2026-05-10 08:27:59","File Created","LOW","__init__.cpython-314.pyc in Desktop"
"2026-05-10 08:27:59","File Created","LOW","core.cpython-314.pyc in Desktop"
"2026-05-10 08:27:59","File Created","LOW","__main__.cpython-314.pyc in Desktop"
"2026-05-10 08:27:59","File Created","LOW","__init__.cpython-314.pyc in Desktop"
"2026-05-10 08:27:59","File Created","LOW","_toml_compat.cpython-314.pyc in Desktop"
"2026-05-10 08:27:59","File Created","LOW","_pip_wrapper.cpython-314.pyc in Desktop"
"2026-05-10 08:27:59","File Created","LOW","_lint_dependency_groups.cpython-314.pyc in Desktop"
"2026-05-10 08:27:59","File Created","LOW","_implementation.cpython-314.pyc in Desktop"
"2026-05-10 08:27:59","File Created","LOW","__init__.cpython-314.pyc in Desktop"
"2026-05-10 08:27:59","File Created","LOW","util.cpython-314.pyc in Desktop"
"2026-05-10 08:27:59","File Created","LOW","scripts.cpython-314.pyc in Desktop"
"2026-05-10 08:27:59","File Created","LOW","resources.cpython-314.pyc in Desktop"
"2026-05-10 08:27:59","File Created","LOW","compat.cpython-314.pyc in Desktop"
"2026-05-10 08:27:59","File Created","LOW","__main__.cpython-314.pyc in Desktop"
"2026-05-10 08:27:59","File Created","LOW","__init__.cpython-314.pyc in Desktop"
"2026-05-10 08:27:59","File Created","LOW","distro.cpython-314.pyc in Desktop"
"2026-05-10 08:27:59","File Created","LOW","__init__.cpython-314.pyc in Desktop"
"2026-05-10 08:27:59","File Created","LOW","uts46data.cpython-314.pyc in Desktop"
"2026-05-10 08:27:59","File Created","LOW","package_data.cpython-314.pyc in Desktop"
"2026-05-10 08:27:59","File Created","LOW","intranges.cpython-314.pyc in Desktop"
"2026-05-10 08:27:59","File Created","LOW","idnadata.cpython-314.pyc in Desktop"
"2026-05-10 08:27:59","File Created","LOW","core.cpython-314.pyc in Desktop"
"2026-05-10 08:27:59","File Created","LOW","compat.cpython-314.pyc in Desktop"
"2026-05-10 08:27:59","File Created","LOW","codec.cpython-314.pyc in Desktop"
"2026-05-10 08:27:59","File Created","LOW","__init__.cpython-314.pyc in Desktop"
"2026-05-10 08:27:59","File Created","LOW","fallback.cpython-314.pyc in Desktop"
"2026-05-10 08:27:59","File Created","LOW","ext.cpython-314.pyc in Desktop"
"2026-05-10 08:27:59","File Created","LOW","exceptions.cpython-314.pyc in Desktop"
"2026-05-10 08:27:59","File Created","LOW","__init__.cpython-314.pyc in Desktop"
"2026-05-10 08:27:59","File Created","LOW","_spdx.cpython-314.pyc in Desktop"
"2026-05-10 08:27:59","File Created","LOW","__init__.cpython-314.pyc in Desktop"
"2026-05-10 08:27:59","File Created","LOW","_tokenizer.cpython-314.pyc in Desktop"
"2026-05-10 08:27:59","File Created","LOW","_structures.cpython-314.pyc in Desktop"
"2026-05-10 08:27:59","File Created","LOW","_parser.cpython-314.pyc in Desktop"
"2026-05-10 08:27:59","File Created","LOW","_musllinux.cpython-314.pyc in Desktop"
"2026-05-10 08:27:59","File Created","LOW","_manylinux.cpython-314.pyc in Desktop"
"2026-05-10 08:27:59","File Created","LOW","_elffile.cpython-314.pyc in Desktop"
"2026-05-10 08:27:59","File Created","LOW","version.cpython-314.pyc in Desktop"
"2026-05-10 08:27:59","File Created","LOW","utils.cpython-314.pyc in Desktop"
"2026-05-10 08:27:59","File Created","LOW","tags.cpython-314.pyc in Desktop"
"2026-05-10 08:27:59","File Created","LOW","specifiers.cpython-314.pyc in Desktop"
"2026-05-10 08:27:59","File Created","LOW","requirements.cpython-314.pyc in Desktop"
"2026-05-10 08:27:59","File Created","LOW","metadata.cpython-314.pyc in Desktop"
"2026-05-10 08:27:59","File Created","LOW","markers.cpython-314.pyc in Desktop"
"2026-05-10 08:27:59","File Created","LOW","__init__.py in Desktop"
"2026-05-10 08:27:59","File Created","LOW","_spdx.py in Desktop"
"2026-05-10 08:27:59","File Created","LOW","__init__.cpython-314.pyc in Desktop"
"2026-05-10 08:27:59","File Created","LOW","__main__.cpython-314.pyc in Desktop"
"2026-05-10 08:27:59","File Created","LOW","__init__.cpython-314.pyc in Desktop"
"2026-05-10 08:27:59","File Created","LOW","windows.cpython-314.pyc in Desktop"
"2026-05-10 08:27:59","File Created","LOW","version.cpython-314.pyc in Desktop"
"2026-05-10 08:27:59","File Created","LOW","unix.cpython-314.pyc in Desktop"
"2026-05-10 08:27:59","File Created","LOW","macos.cpython-314.pyc in Desktop"
"2026-05-10 08:27:59","File Created","LOW","api.cpython-314.pyc in Desktop"
"2026-05-10 08:27:59","File Created","LOW","android.cpython-314.pyc in Desktop"
"2026-05-10 08:27:59","File Created","LOW","__init__.cpython-314.pyc in Desktop"
"2026-05-10 08:27:59","File Created","LOW","__init__.cpython-314.pyc in Desktop"
"2026-05-10 08:27:59","File Created","LOW","_mapping.cpython-314.pyc in Desktop"
"2026-05-10 08:27:59","File Created","LOW","__init__.cpython-314.pyc in Desktop"
"2026-05-10 08:27:59","File Created","LOW","_mapping.cpython-314.pyc in Desktop"
"2026-05-10 08:27:59","File Created","LOW","python.cpython-314.pyc in Desktop"
"2026-05-10 08:27:59","File Created","LOW","__init__.cpython-314.pyc in Desktop"
"2026-05-10 08:27:59","File Created","LOW","_mapping.cpython-314.pyc in Desktop"
"2026-05-10 08:27:59","File Created","LOW","__main__.cpython-314.pyc in Desktop"
"2026-05-10 08:27:59","File Created","LOW","__init__.cpython-314.pyc in Desktop"
"2026-05-10 08:27:59","File Created","LOW","util.cpython-314.pyc in Desktop"
"2026-05-10 08:27:59","File Created","LOW","unistring.cpython-314.pyc in Desktop"
"2026-05-10 08:27:59","File Created","LOW","token.cpython-314.pyc in Desktop"
"2026-05-10 08:27:59","File Created","LOW","style.cpython-314.pyc in Desktop"
"2026-05-10 08:27:58","File Created","LOW","sphinxext.cpython-314.pyc in Desktop"
"2026-05-10 08:27:58","File Created","LOW","scanner.cpython-314.pyc in Desktop"
"2026-05-10 08:27:58","File Created","LOW","regexopt.cpython-314.pyc in Desktop"
"2026-05-10 08:27:58","File Created","LOW","plugin.cpython-314.pyc in Desktop"
"2026-05-10 08:27:58","File Created","LOW","modeline.cpython-314.pyc in Desktop"
"2026-05-10 08:27:58","File Created","LOW","lexer.cpython-314.pyc in Desktop"
"2026-05-10 08:27:58","File Created","LOW","formatter.cpython-314.pyc in Desktop"
"2026-05-10 08:27:58","File Created","LOW","filter.cpython-314.pyc in Desktop"
"2026-05-10 08:27:58","File Created","LOW","console.cpython-314.pyc in Desktop"
"2026-05-10 08:27:58","File Created","LOW","__init__.py in Desktop"
"2026-05-10 08:27:58","File Created","LOW","_mapping.py in Desktop"
"2026-05-10 08:27:58","File Created","LOW","__init__.py in Desktop"
"2026-05-10 08:27:58","File Created","LOW","_mapping.py in Desktop"
"2026-05-10 08:27:58","File Created","LOW","python.py in Desktop"
"2026-05-10 08:27:58","File Created","LOW","__init__.py in Desktop"
"2026-05-10 08:27:58","File Created","LOW","_mapping.py in Desktop"
"2026-05-10 08:27:58","File Created","LOW","__init__.py in Desktop"
"2026-05-10 08:27:58","File Created","LOW","__init__.cpython-314.pyc in Desktop"
"2026-05-10 08:27:58","File Created","LOW","_in_process.cpython-314.pyc in Desktop"
"2026-05-10 08:27:58","File Created","LOW","__init__.cpython-314.pyc in Desktop"
"2026-05-10 08:27:58","File Created","LOW","_impl.cpython-314.pyc in Desktop"
"2026-05-10 08:27:58","File Created","LOW","__init__.py in Desktop"
"2026-05-10 08:27:58","File Created","LOW","_in_process.py in Desktop"
"2026-05-10 08:27:58","File Created","LOW","__version__.cpython-314.pyc in Desktop"
"2026-05-10 08:27:58","File Created","LOW","__init__.cpython-314.pyc in Desktop"
"2026-05-10 08:27:58","File Created","LOW","_internal_utils.cpython-314.pyc in Desktop"
"2026-05-10 08:27:58","File Created","LOW","utils.cpython-314.pyc in Desktop"
"2026-05-10 08:27:58","File Created","LOW","structures.cpython-314.pyc in Desktop"
"2026-05-10 08:27:58","File Created","LOW","status_codes.cpython-314.pyc in Desktop"
"2026-05-10 08:27:58","File Created","LOW","sessions.cpython-314.pyc in Desktop"
"2026-05-10 08:27:58","File Created","LOW","packages.cpython-314.pyc in Desktop"
"2026-05-10 08:27:58","File Created","LOW","models.cpython-314.pyc in Desktop"
"2026-05-10 08:27:58","File Created","LOW","hooks.cpython-314.pyc in Desktop"
"2026-05-10 08:27:58","File Created","LOW","help.cpython-314.pyc in Desktop"
"2026-05-10 08:27:58","File Created","LOW","exceptions.cpython-314.pyc in Desktop"
"2026-05-10 08:27:58","File Created","LOW","cookies.cpython-314.pyc in Desktop"
"2026-05-10 08:27:58","File Created","LOW","compat.cpython-314.pyc in Desktop"
"2026-05-10 08:27:58","File Created","LOW","certs.cpython-314.pyc in Desktop"
"2026-05-10 08:27:58","File Created","LOW","auth.cpython-314.pyc in Desktop"
"2026-05-10 08:27:58","File Created","LOW","api.cpython-314.pyc in Desktop"
"2026-05-10 08:27:58","File Created","LOW","adapters.cpython-314.pyc in Desktop"
"2026-05-10 08:27:58","File Created","LOW","__init__.cpython-314.pyc in Desktop"
"2026-05-10 08:27:58","File Created","LOW","resolution.cpython-314.pyc in Desktop"
"2026-05-10 08:27:58","File Created","LOW","exceptions.cpython-314.pyc in Desktop"
"2026-05-10 08:27:58","File Created","LOW","criterion.cpython-314.pyc in Desktop"
"2026-05-10 08:27:58","File Created","LOW","abstract.cpython-314.pyc in Desktop"
"2026-05-10 08:27:58","File Created","LOW","__init__.cpython-314.pyc in Desktop"
"2026-05-10 08:27:58","File Created","LOW","structs.cpython-314.pyc in Desktop"
"2026-05-10 08:27:58","File Created","LOW","reporters.cpython-314.pyc in Desktop"
"2026-05-10 08:27:58","File Created","LOW","providers.cpython-314.pyc in Desktop"
"2026-05-10 08:27:58","File Created","LOW","__init__.py in Desktop"
"2026-05-10 08:27:58","File Created","LOW","resolution.py in Desktop"
"2026-05-10 08:27:58","File Created","LOW","exceptions.py in Desktop"
"2026-05-10 08:27:58","File Created","LOW","criterion.py in Desktop"
"2026-05-10 08:27:58","File Created","LOW","abstract.py in Desktop"
"2026-05-10 08:27:58","File Created","LOW","__main__.cpython-314.pyc in Desktop"
"2026-05-10 08:27:58","File Created","LOW","__init__.cpython-314.pyc in Desktop"
"2026-05-10 08:27:58","File Created","LOW","_wrap.cpython-314.pyc in Desktop"
"2026-05-10 08:27:58","File Created","LOW","_windows_renderer.cpython-314.pyc in Desktop"
"2026-05-10 08:27:58","File Created","LOW","_windows.cpython-314.pyc in Desktop"
"2026-05-10 08:27:58","File Created","LOW","_win32_console.cpython-314.pyc in Desktop"
"2026-05-10 08:27:58","File Created","LOW","_timer.cpython-314.pyc in Desktop"
"2026-05-10 08:27:58","File Created","LOW","_stack.cpython-314.pyc in Desktop"
"2026-05-10 08:27:58","File Created","LOW","_spinners.cpython-314.pyc in Desktop"
"2026-05-10 08:27:57","File Created","LOW","_ratio.cpython-314.pyc in Desktop"
"2026-05-10 08:27:57","File Created","LOW","_pick.cpython-314.pyc in Desktop"
"2026-05-10 08:27:57","File Created","LOW","_palettes.cpython-314.pyc in Desktop"
"2026-05-10 08:27:57","File Created","LOW","_null_file.cpython-314.pyc in Desktop"
"2026-05-10 08:27:57","File Created","LOW","_loop.cpython-314.pyc in Desktop"
"2026-05-10 08:27:57","File Created","LOW","_log_render.cpython-314.pyc in Desktop"
"2026-05-10 08:27:57","File Created","LOW","_inspect.cpython-314.pyc in Desktop"
"2026-05-10 08:27:57","File Created","LOW","_fileno.cpython-314.pyc in Desktop"
"2026-05-10 08:27:57","File Created","LOW","_extension.cpython-314.pyc in Desktop"
"2026-05-10 08:27:57","File Created","LOW","_export_format.cpython-314.pyc in Desktop"
"2026-05-10 08:27:57","File Created","LOW","_emoji_replace.cpython-314.pyc in Desktop"
"2026-05-10 08:27:57","File Created","LOW","_emoji_codes.cpython-314.pyc in Desktop"
"2026-05-10 08:27:57","File Created","LOW","_cell_widths.cpython-314.pyc in Desktop"
"2026-05-10 08:27:57","File Created","LOW","tree.cpython-314.pyc in Desktop"
"2026-05-10 08:27:57","File Created","LOW","traceback.cpython-314.pyc in Desktop"
"2026-05-10 08:27:57","File Created","LOW","themes.cpython-314.pyc in Desktop"
"2026-05-10 08:27:57","File Created","LOW","theme.cpython-314.pyc in Desktop"
"2026-05-10 08:27:57","File Created","LOW","text.cpython-314.pyc in Desktop"
"2026-05-10 08:27:57","File Created","LOW","terminal_theme.cpython-314.pyc in Desktop"
"2026-05-10 08:27:57","File Created","LOW","table.cpython-314.pyc in Desktop"
"2026-05-10 08:27:57","File Created","LOW","syntax.cpython-314.pyc in Desktop"
"2026-05-10 08:27:57","File Created","LOW","styled.cpython-314.pyc in Desktop"
"2026-05-10 08:27:57","File Created","LOW","style.cpython-314.pyc in Desktop"
"2026-05-10 08:27:57","File Created","LOW","status.cpython-314.pyc in Desktop"
"2026-05-10 08:27:57","File Created","LOW","spinner.cpython-314.pyc in Desktop"
"2026-05-10 08:27:57","File Created","LOW","segment.cpython-314.pyc in Desktop"
"2026-05-10 08:27:57","File Created","LOW","screen.cpython-314.pyc in Desktop"
"2026-05-10 08:27:57","File Created","LOW","scope.cpython-314.pyc in Desktop"
"2026-05-10 08:27:57","File Created","LOW","rule.cpython-314.pyc in Desktop"
"2026-05-10 08:27:57","File Created","LOW","repr.cpython-314.pyc in Desktop"
"2026-05-10 08:27:57","File Created","LOW","region.cpython-314.pyc in Desktop"
"2026-05-10 08:27:57","File Created","LOW","protocol.cpython-314.pyc in Desktop"
"2026-05-10 08:27:57","File Created","LOW","prompt.cpython-314.pyc in Desktop"
"2026-05-10 08:27:57","File Created","LOW","progress_bar.cpython-314.pyc in Desktop"
"2026-05-10 08:27:57","File Created","LOW","progress.cpython-314.pyc in Desktop"
"2026-05-10 08:27:57","File Created","LOW","pretty.cpython-314.pyc in Desktop"
"2026-05-10 08:27:57","File Created","LOW","panel.cpython-314.pyc in Desktop"
"2026-05-10 08:27:57","File Created","LOW","palette.cpython-314.pyc in Desktop"
"2026-05-10 08:27:57","File Created","LOW","pager.cpython-314.pyc in Desktop"
"2026-05-10 08:27:57","File Created","LOW","padding.cpython-314.pyc in Desktop"
"2026-05-10 08:27:57","File Created","LOW","measure.cpython-314.pyc in Desktop"
"2026-05-10 08:27:57","File Created","LOW","markup.cpython-314.pyc in Desktop"
"2026-05-10 08:27:57","File Created","LOW","logging.cpython-314.pyc in Desktop"
"2026-05-10 08:27:57","File Created","LOW","live_render.cpython-314.pyc in Desktop"
"2026-05-10 08:27:57","File Created","LOW","live.cpython-314.pyc in Desktop"
"2026-05-10 08:27:57","File Created","LOW","layout.cpython-314.pyc in Desktop"
"2026-05-10 08:27:57","File Created","LOW","jupyter.cpython-314.pyc in Desktop"
"2026-05-10 08:27:57","File Created","LOW","json.cpython-314.pyc in Desktop"
"2026-05-10 08:27:57","File Created","LOW","highlighter.cpython-314.pyc in Desktop"
"2026-05-10 08:27:57","File Created","LOW","file_proxy.cpython-314.pyc in Desktop"
"2026-05-10 08:27:57","File Created","LOW","filesize.cpython-314.pyc in Desktop"
"2026-05-10 08:27:57","File Created","LOW","errors.cpython-314.pyc in Desktop"
"2026-05-10 08:27:57","File Created","LOW","emoji.cpython-314.pyc in Desktop"
"2026-05-10 08:27:57","File Created","LOW","diagnose.cpython-314.pyc in Desktop"
"2026-05-10 08:27:57","File Created","LOW","default_styles.cpython-314.pyc in Desktop"
"2026-05-10 08:27:57","File Created","LOW","control.cpython-314.pyc in Desktop"
"2026-05-10 08:27:57","File Created","LOW","containers.cpython-314.pyc in Desktop"
"2026-05-10 08:27:57","File Created","LOW","constrain.cpython-314.pyc in Desktop"
"2026-05-10 08:27:57","File Created","LOW","console.cpython-314.pyc in Desktop"
"2026-05-10 08:27:57","File Created","LOW","columns.cpython-314.pyc in Desktop"
"2026-05-10 08:27:57","File Created","LOW","color_triplet.cpython-314.pyc in Desktop"
"2026-05-10 08:27:57","File Created","LOW","color.cpython-314.pyc in Desktop"
"2026-05-10 08:27:57","File Created","LOW","cells.cpython-314.pyc in Desktop"
"2026-05-10 08:27:57","File Created","LOW","box.cpython-314.pyc in Desktop"
"2026-05-10 08:27:57","File Created","LOW","bar.cpython-314.pyc in Desktop"
"2026-05-10 08:27:57","File Created","LOW","ansi.cpython-314.pyc in Desktop"
"2026-05-10 08:27:57","File Created","LOW","align.cpython-314.pyc in Desktop"
"2026-05-10 08:27:57","File Created","LOW","abc.cpython-314.pyc in Desktop"
"2026-05-10 08:27:56","File Created","LOW","__init__.cpython-314.pyc in Desktop"
"2026-05-10 08:27:56","File Created","LOW","_types.cpython-314.pyc in Desktop"
"2026-05-10 08:27:56","File Created","LOW","_re.cpython-314.pyc in Desktop"
"2026-05-10 08:27:56","File Created","LOW","_parser.cpython-314.pyc in Desktop"
"2026-05-10 08:27:56","File Created","LOW","__init__.cpython-314.pyc in Desktop"
"2026-05-10 08:27:56","File Created","LOW","_writer.cpython-314.pyc in Desktop"
"2026-05-10 08:27:56","File Created","LOW","__init__.cpython-314.pyc in Desktop"
"2026-05-10 08:27:56","File Created","LOW","_windows.cpython-314.pyc in Desktop"
"2026-05-10 08:27:56","File Created","LOW","_ssl_constants.cpython-314.pyc in Desktop"
"2026-05-10 08:27:56","File Created","LOW","_openssl.cpython-314.pyc in Desktop"
"2026-05-10 08:27:56","File Created","LOW","_macos.cpython-314.pyc in Desktop"
"2026-05-10 08:27:56","File Created","LOW","_api.cpython-314.pyc in Desktop"
"2026-05-10 08:27:56","File Created","LOW","__init__.cpython-314.pyc in Desktop"
"2026-05-10 08:27:56","File Created","LOW","low_level.cpython-314.pyc in Desktop"
"2026-05-10 08:27:56","File Created","LOW","bindings.cpython-314.pyc in Desktop"
"2026-05-10 08:27:56","File Created","LOW","__init__.cpython-314.pyc in Desktop"
"2026-05-10 08:27:56","File Created","LOW","_appengine_environ.cpython-314.pyc in Desktop"
"2026-05-10 08:27:56","File Created","LOW","socks.cpython-314.pyc in Desktop"
"2026-05-10 08:27:56","File Created","LOW","securetransport.cpython-314.pyc in Desktop"
"2026-05-10 08:27:56","File Created","LOW","pyopenssl.cpython-314.pyc in Desktop"
"2026-05-10 08:27:56","File Created","LOW","ntlmpool.cpython-314.pyc in Desktop"
"2026-05-10 08:27:56","File Created","LOW","appengine.cpython-314.pyc in Desktop"
"2026-05-10 08:27:56","File Created","LOW","__init__.py in Desktop"
"2026-05-10 08:27:56","File Created","LOW","low_level.py in Desktop"
"2026-05-10 08:27:56","File Created","LOW","bindings.py in Desktop"
"2026-05-10 08:27:56","File Created","LOW","__init__.cpython-314.pyc in Desktop"
"2026-05-10 08:27:56","File Created","LOW","weakref_finalize.cpython-314.pyc in Desktop"
"2026-05-10 08:27:56","File Created","LOW","makefile.cpython-314.pyc in Desktop"
"2026-05-10 08:27:56","File Created","LOW","__init__.cpython-314.pyc in Desktop"
"2026-05-10 08:27:56","File Created","LOW","six.cpython-314.pyc in Desktop"
"2026-05-10 08:27:56","File Created","LOW","__init__.py in Desktop"
"2026-05-10 08:27:56","File Created","LOW","weakref_finalize.py in Desktop"
"2026-05-10 08:27:56","File Created","LOW","makefile.py in Desktop"
"2026-05-10 08:27:56","File Created","LOW","__init__.cpython-314.pyc in Desktop"
"2026-05-10 08:27:56","File Created","LOW","wait.cpython-314.pyc in Desktop"
"2026-05-10 08:27:56","File Created","LOW","url.cpython-314.pyc in Desktop"
"2026-05-10 08:27:56","File Created","LOW","timeout.cpython-314.pyc in Desktop"
"2026-05-10 08:27:56","File Created","LOW","ssl_match_hostname.cpython-314.pyc in Desktop"
"2026-05-10 08:27:56","File Created","LOW","ssl_.cpython-314.pyc in Desktop"
"2026-05-10 08:27:56","File Created","LOW","ssltransport.cpython-314.pyc in Desktop"
"2026-05-10 08:27:56","File Created","LOW","retry.cpython-314.pyc in Desktop"
"2026-05-10 08:27:56","File Created","LOW","response.cpython-314.pyc in Desktop"
"2026-05-10 08:27:56","File Created","LOW","request.cpython-314.pyc in Desktop"
"2026-05-10 08:27:56","File Created","LOW","queue.cpython-314.pyc in Desktop"
"2026-05-10 08:27:56","File Created","LOW","proxy.cpython-314.pyc in Desktop"
"2026-05-10 08:27:56","File Created","LOW","connection.cpython-314.pyc in Desktop"
"2026-05-10 08:27:56","File Created","LOW","__init__.cpython-314.pyc in Desktop"
"2026-05-10 08:27:56","File Created","LOW","_version.cpython-314.pyc in Desktop"
"2026-05-10 08:27:56","File Created","LOW","_collections.cpython-314.pyc in Desktop"
"2026-05-10 08:27:56","File Created","LOW","response.cpython-314.pyc in Desktop"
"2026-05-10 08:27:56","File Created","LOW","request.cpython-314.pyc in Desktop"
"2026-05-10 08:27:56","File Created","LOW","poolmanager.cpython-314.pyc in Desktop"
"2026-05-10 08:27:56","File Created","LOW","filepost.cpython-314.pyc in Desktop"
"2026-05-10 08:27:56","File Created","LOW","fields.cpython-314.pyc in Desktop"
"2026-05-10 08:27:56","File Created","LOW","exceptions.cpython-314.pyc in Desktop"
"2026-05-10 08:27:56","File Created","LOW","connectionpool.cpython-314.pyc in Desktop"
"2026-05-10 08:27:56","File Created","LOW","connection.cpython-314.pyc in Desktop"
"2026-05-10 08:27:56","File Created","LOW","__init__.py in Desktop"
"2026-05-10 08:27:56","File Created","LOW","wait.py in Desktop"
"2026-05-10 08:27:56","File Created","LOW","url.py in Desktop"
"2026-05-10 08:27:56","File Created","LOW","timeout.py in Desktop"
"2026-05-10 08:27:56","File Created","LOW","ssl_match_hostname.py in Desktop"
"2026-05-10 08:27:56","File Created","LOW","ssl_.py in Desktop"
"2026-05-10 08:27:56","File Created","LOW","ssltransport.py in Desktop"
"2026-05-10 08:27:56","File Created","LOW","retry.py in Desktop"
"2026-05-10 08:27:55","File Created","LOW","response.py in Desktop"
"2026-05-10 08:27:55","File Created","LOW","request.py in Desktop"
"2026-05-10 08:27:55","File Created","LOW","queue.py in Desktop"
"2026-05-10 08:27:55","File Created","LOW","proxy.py in Desktop"
"2026-05-10 08:27:55","File Created","LOW","connection.py in Desktop"
"2026-05-10 08:27:55","File Created","LOW","__init__.py in Desktop"
"2026-05-10 08:27:55","File Created","LOW","six.py in Desktop"
"2026-05-10 08:27:55","File Created","LOW","__init__.py in Desktop"
"2026-05-10 08:27:55","File Created","LOW","_appengine_environ.py in Desktop"
"2026-05-10 08:27:55","File Created","LOW","socks.py in Desktop"
"2026-05-10 08:27:55","File Created","LOW","securetransport.py in Desktop"
"2026-05-10 08:27:55","File Created","LOW","pyopenssl.py in Desktop"
"2026-05-10 08:27:55","File Created","LOW","ntlmpool.py in Desktop"
"2026-05-10 08:27:55","File Created","LOW","appengine.py in Desktop"
"2026-05-10 08:27:55","File Created","LOW","__init__.cpython-314.pyc in Desktop"
"2026-05-10 08:27:55","File Created","LOW","__init__.py in Desktop"
"2026-05-10 08:27:55","File Created","LOW","_version.py in Desktop"
"2026-05-10 08:27:55","File Created","LOW","_collections.py in Desktop"
"2026-05-10 08:27:55","File Created","LOW","response.py in Desktop"
"2026-05-10 08:27:55","File Created","LOW","request.py in Desktop"
"2026-05-10 08:27:55","File Created","LOW","poolmanager.py in Desktop"
"2026-05-10 08:27:55","File Created","LOW","LICENSE.txt in Desktop"
"2026-05-10 08:27:55","File Created","LOW","filepost.py in Desktop"
"2026-05-10 08:27:55","File Created","LOW","fields.py in Desktop"
"2026-05-10 08:27:55","File Created","LOW","exceptions.py in Desktop"
"2026-05-10 08:27:55","File Created","LOW","connectionpool.py in Desktop"
"2026-05-10 08:27:55","File Created","LOW","connection.py in Desktop"
"2026-05-10 08:27:55","File Created","LOW","__init__.py in Desktop"
"2026-05-10 08:27:55","File Created","LOW","_windows.py in Desktop"
"2026-05-10 08:27:55","File Created","LOW","_ssl_constants.py in Desktop"
"2026-05-10 08:27:55","File Created","LOW","_openssl.py in Desktop"
"2026-05-10 08:27:55","File Created","LOW","_macos.py in Desktop"
"2026-05-10 08:27:55","File Created","LOW","_api.py in Desktop"
"2026-05-10 08:27:55","File Created","LOW","py.typed in Desktop"
"2026-05-10 08:27:55","File Created","LOW","LICENSE in Desktop"
"2026-05-10 08:27:55","File Created","LOW","__init__.py in Desktop"
"2026-05-10 08:27:55","File Created","LOW","_writer.py in Desktop"
"2026-05-10 08:27:55","File Created","LOW","py.typed in Desktop"
"2026-05-10 08:27:55","File Created","LOW","LICENSE in Desktop"
"2026-05-10 08:27:55","File Created","LOW","__init__.py in Desktop"
"2026-05-10 08:27:55","File Created","LOW","_types.py in Desktop"
"2026-05-10 08:27:55","File Created","LOW","_re.py in Desktop"
"2026-05-10 08:27:55","File Created","LOW","_parser.py in Desktop"
"2026-05-10 08:27:55","File Created","LOW","py.typed in Desktop"
"2026-05-10 08:27:55","File Created","LOW","LICENSE in Desktop"
"2026-05-10 08:27:55","File Created","LOW","__main__.py in Desktop"
"2026-05-10 08:27:55","File Created","LOW","__init__.py in Desktop"
"2026-05-10 08:27:55","File Created","LOW","_wrap.py in Desktop"
"2026-05-10 08:27:55","File Created","LOW","_windows_renderer.py in Desktop"
"2026-05-10 08:27:55","File Created","LOW","_windows.py in Desktop"
"2026-05-10 08:27:55","File Created","LOW","_win32_console.py in Desktop"
"2026-05-10 08:27:55","File Created","LOW","_timer.py in Desktop"
"2026-05-10 08:27:55","File Created","LOW","_stack.py in Desktop"
"2026-05-10 08:27:55","File Created","LOW","_spinners.py in Desktop"
"2026-05-10 08:27:55","File Created","LOW","_ratio.py in Desktop"
"2026-05-10 08:27:55","File Created","LOW","_pick.py in Desktop"
"2026-05-10 08:27:55","File Created","LOW","_palettes.py in Desktop"
"2026-05-10 08:27:55","File Created","LOW","_null_file.py in Desktop"
"2026-05-10 08:27:55","File Created","LOW","_loop.py in Desktop"
"2026-05-10 08:27:55","File Created","LOW","_log_render.py in Desktop"
"2026-05-10 08:27:55","File Created","LOW","_inspect.py in Desktop"
"2026-05-10 08:27:55","File Created","LOW","_fileno.py in Desktop"
"2026-05-10 08:27:55","File Created","LOW","_extension.py in Desktop"
"2026-05-10 08:27:55","File Created","LOW","_export_format.py in Desktop"
"2026-05-10 08:27:55","File Created","LOW","_emoji_replace.py in Desktop"
"2026-05-10 08:27:55","File Created","LOW","_emoji_codes.py in Desktop"
"2026-05-10 08:27:55","File Created","LOW","_cell_widths.py in Desktop"
"2026-05-10 08:27:55","File Created","LOW","tree.py in Desktop"
"2026-05-10 08:27:55","File Created","LOW","traceback.py in Desktop"
"2026-05-10 08:27:54","File Created","LOW","themes.py in Desktop"
"2026-05-10 08:27:54","File Created","LOW","theme.py in Desktop"
"2026-05-10 08:27:54","File Created","LOW","text.py in Desktop"
"2026-05-10 08:27:54","File Created","LOW","terminal_theme.py in Desktop"
"2026-05-10 08:27:54","File Created","LOW","table.py in Desktop"
"2026-05-10 08:27:54","File Created","LOW","syntax.py in Desktop"
"2026-05-10 08:27:54","File Created","LOW","styled.py in Desktop"
"2026-05-10 08:27:54","File Created","LOW","style.py in Desktop"
"2026-05-10 08:27:54","File Created","LOW","status.py in Desktop"
"2026-05-10 08:27:54","File Created","LOW","spinner.py in Desktop"
"2026-05-10 08:27:54","File Created","LOW","segment.py in Desktop"
"2026-05-10 08:27:54","File Created","LOW","screen.py in Desktop"
"2026-05-10 08:27:54","File Created","LOW","scope.py in Desktop"
"2026-05-10 08:27:54","File Created","LOW","rule.py in Desktop"
"2026-05-10 08:27:54","File Created","LOW","repr.py in Desktop"
"2026-05-10 08:27:54","File Created","LOW","region.py in Desktop"
"2026-05-10 08:27:54","File Created","LOW","py.typed in Desktop"
"2026-05-10 08:27:54","File Created","LOW","protocol.py in Desktop"
"2026-05-10 08:27:54","File Created","LOW","prompt.py in Desktop"
"2026-05-10 08:27:54","File Created","LOW","progress_bar.py in Desktop"
"2026-05-10 08:27:54","File Created","LOW","progress.py in Desktop"
"2026-05-10 08:27:54","File Created","LOW","pretty.py in Desktop"
"2026-05-10 08:27:54","File Created","LOW","panel.py in Desktop"
"2026-05-10 08:27:54","File Created","LOW","palette.py in Desktop"
"2026-05-10 08:27:54","File Created","LOW","pager.py in Desktop"
"2026-05-10 08:27:54","File Created","LOW","padding.py in Desktop"
"2026-05-10 08:27:54","File Created","LOW","measure.py in Desktop"
"2026-05-10 08:27:54","File Created","LOW","markup.py in Desktop"
"2026-05-10 08:27:54","File Created","LOW","logging.py in Desktop"
"2026-05-10 08:27:54","File Created","LOW","live_render.py in Desktop"
"2026-05-10 08:27:54","File Created","LOW","live.py in Desktop"
"2026-05-10 08:27:54","File Created","LOW","LICENSE in Desktop"
"2026-05-10 08:27:54","File Created","LOW","layout.py in Desktop"
"2026-05-10 08:27:54","File Created","LOW","jupyter.py in Desktop"
"2026-05-10 08:27:54","File Created","LOW","json.py in Desktop"
"2026-05-10 08:27:54","File Created","LOW","highlighter.py in Desktop"
"2026-05-10 08:27:54","File Created","LOW","file_proxy.py in Desktop"
"2026-05-10 08:27:54","File Created","LOW","filesize.py in Desktop"
"2026-05-10 08:27:54","File Created","LOW","errors.py in Desktop"
"2026-05-10 08:27:54","File Created","LOW","emoji.py in Desktop"
"2026-05-10 08:27:54","File Created","LOW","diagnose.py in Desktop"
"2026-05-10 08:27:54","File Created","LOW","default_styles.py in Desktop"
"2026-05-10 08:27:54","File Created","LOW","control.py in Desktop"
"2026-05-10 08:27:54","File Created","LOW","containers.py in Desktop"
"2026-05-10 08:27:54","File Created","LOW","constrain.py in Desktop"
"2026-05-10 08:27:54","File Created","LOW","console.py in Desktop"
"2026-05-10 08:27:54","File Created","LOW","columns.py in Desktop"
"2026-05-10 08:27:54","File Created","LOW","color_triplet.py in Desktop"
"2026-05-10 08:27:54","File Created","LOW","color.py in Desktop"
"2026-05-10 08:27:54","File Created","LOW","cells.py in Desktop"
"2026-05-10 08:27:54","File Created","LOW","box.py in Desktop"
"2026-05-10 08:27:54","File Created","LOW","bar.py in Desktop"
"2026-05-10 08:27:54","File Created","LOW","ansi.py in Desktop"
"2026-05-10 08:27:54","File Created","LOW","align.py in Desktop"
"2026-05-10 08:27:54","File Created","LOW","abc.py in Desktop"
"2026-05-10 08:27:54","File Created","LOW","__init__.py in Desktop"
"2026-05-10 08:27:54","File Created","LOW","structs.py in Desktop"
"2026-05-10 08:27:54","File Created","LOW","reporters.py in Desktop"
"2026-05-10 08:27:54","File Created","LOW","py.typed in Desktop"
"2026-05-10 08:27:54","File Created","LOW","providers.py in Desktop"
"2026-05-10 08:27:54","File Created","LOW","LICENSE in Desktop"
"2026-05-10 08:27:54","File Created","LOW","__version__.py in Desktop"
"2026-05-10 08:27:54","File Created","LOW","__init__.py in Desktop"
"2026-05-10 08:27:54","File Created","LOW","_internal_utils.py in Desktop"
"2026-05-10 08:27:54","File Created","LOW","utils.py in Desktop"
"2026-05-10 08:27:54","File Created","LOW","structures.py in Desktop"
"2026-05-10 08:27:54","File Created","LOW","status_codes.py in Desktop"
"2026-05-10 08:27:53","File Created","LOW","sessions.py in Desktop"
"2026-05-10 08:27:53","File Created","LOW","packages.py in Desktop"
"2026-05-10 08:27:53","File Created","LOW","models.py in Desktop"
"2026-05-10 08:27:53","File Created","LOW","LICENSE in Desktop"
"2026-05-10 08:27:53","File Created","LOW","hooks.py in Desktop"
"2026-05-10 08:27:53","File Created","LOW","help.py in Desktop"
"2026-05-10 08:27:53","File Created","LOW","exceptions.py in Desktop"
"2026-05-10 08:27:53","File Created","LOW","cookies.py in Desktop"
"2026-05-10 08:27:53","File Created","LOW","compat.py in Desktop"
"2026-05-10 08:27:53","File Created","LOW","certs.py in Desktop"
"2026-05-10 08:27:53","File Created","LOW","auth.py in Desktop"
"2026-05-10 08:27:53","File Created","LOW","api.py in Desktop"
"2026-05-10 08:27:53","File Created","LOW","adapters.py in Desktop"
"2026-05-10 08:27:53","File Created","LOW","__init__.py in Desktop"
"2026-05-10 08:27:53","File Created","LOW","_impl.py in Desktop"
"2026-05-10 08:27:53","File Created","LOW","py.typed in Desktop"
"2026-05-10 08:27:53","File Created","LOW","LICENSE in Desktop"
"2026-05-10 08:27:53","File Created","LOW","__main__.py in Desktop"
"2026-05-10 08:27:53","File Created","LOW","__init__.py in Desktop"
"2026-05-10 08:27:53","File Created","LOW","util.py in Desktop"
"2026-05-10 08:27:53","File Created","LOW","unistring.py in Desktop"
"2026-05-10 08:27:53","File Created","LOW","token.py in Desktop"
"2026-05-10 08:27:53","File Created","LOW","style.py in Desktop"
"2026-05-10 08:27:53","File Created","LOW","sphinxext.py in Desktop"
"2026-05-10 08:27:53","File Created","LOW","scanner.py in Desktop"
"2026-05-10 08:27:53","File Created","LOW","regexopt.py in Desktop"
"2026-05-10 08:27:53","File Created","LOW","plugin.py in Desktop"
"2026-05-10 08:27:53","File Created","LOW","modeline.py in Desktop"
"2026-05-10 08:27:53","File Created","LOW","LICENSE in Desktop"
"2026-05-10 08:27:53","File Created","LOW","lexer.py in Desktop"
"2026-05-10 08:27:53","File Created","LOW","formatter.py in Desktop"
"2026-05-10 08:27:53","File Created","LOW","filter.py in Desktop"
"2026-05-10 08:27:53","File Created","LOW","console.py in Desktop"
"2026-05-10 08:27:53","File Created","LOW","__main__.py in Desktop"
"2026-05-10 08:27:53","File Created","LOW","__init__.py in Desktop"
"2026-05-10 08:27:53","File Created","LOW","windows.py in Desktop"
"2026-05-10 08:27:53","File Created","LOW","version.py in Desktop"
"2026-05-10 08:27:53","File Created","LOW","unix.py in Desktop"
"2026-05-10 08:27:53","File Created","LOW","py.typed in Desktop"
"2026-05-10 08:27:53","File Created","LOW","macos.py in Desktop"
"2026-05-10 08:27:53","File Created","LOW","LICENSE in Desktop"
"2026-05-10 08:27:53","File Created","LOW","api.py in Desktop"
"2026-05-10 08:27:53","File Created","LOW","android.py in Desktop"
"2026-05-10 08:27:53","File Created","LOW","__init__.py in Desktop"
"2026-05-10 08:27:53","File Created","LOW","LICENSE in Desktop"
"2026-05-10 08:27:53","File Created","LOW","__init__.py in Desktop"
"2026-05-10 08:27:53","File Created","LOW","_tokenizer.py in Desktop"
"2026-05-10 08:27:53","File Created","LOW","_structures.py in Desktop"
"2026-05-10 08:27:53","File Created","LOW","_parser.py in Desktop"
"2026-05-10 08:27:53","File Created","LOW","_musllinux.py in Desktop"
"2026-05-10 08:27:53","File Created","LOW","_manylinux.py in Desktop"
"2026-05-10 08:27:53","File Created","LOW","_elffile.py in Desktop"
"2026-05-10 08:27:53","File Created","LOW","version.py in Desktop"
"2026-05-10 08:27:53","File Created","LOW","utils.py in Desktop"
"2026-05-10 08:27:53","File Created","LOW","tags.py in Desktop"
"2026-05-10 08:27:53","File Created","LOW","specifiers.py in Desktop"
"2026-05-10 08:27:53","File Created","LOW","requirements.py in Desktop"
"2026-05-10 08:27:53","File Created","LOW","py.typed in Desktop"
"2026-05-10 08:27:53","File Created","LOW","metadata.py in Desktop"
"2026-05-10 08:27:53","File Created","LOW","markers.py in Desktop"
"2026-05-10 08:27:53","File Created","LOW","LICENSE.BSD in Desktop"
"2026-05-10 08:27:53","File Created","LOW","LICENSE.APACHE in Desktop"
"2026-05-10 08:27:53","File Created","LOW","LICENSE in Desktop"
"2026-05-10 08:27:52","File Created","LOW","__init__.py in Desktop"
"2026-05-10 08:27:52","File Created","LOW","fallback.py in Desktop"
"2026-05-10 08:27:52","File Created","LOW","ext.py in Desktop"
"2026-05-10 08:27:52","File Created","LOW","exceptions.py in Desktop"
"2026-05-10 08:27:52","File Created","LOW","COPYING in Desktop"
"2026-05-10 08:27:52","File Created","LOW","__init__.py in Desktop"
"2026-05-10 08:27:52","File Created","LOW","uts46data.py in Desktop"
"2026-05-10 08:27:52","File Created","LOW","py.typed in Desktop"
"2026-05-10 08:27:52","File Created","LOW","package_data.py in Desktop"
"2026-05-10 08:27:52","File Created","LOW","LICENSE.md in Desktop"
"2026-05-10 08:27:52","File Created","LOW","intranges.py in Desktop"
"2026-05-10 08:27:52","File Created","LOW","idnadata.py in Desktop"
"2026-05-10 08:27:52","File Created","LOW","core.py in Desktop"
"2026-05-10 08:27:52","File Created","LOW","compat.py in Desktop"
"2026-05-10 08:27:52","File Created","LOW","codec.py in Desktop"
"2026-05-10 08:27:52","File Created","LOW","__main__.py in Desktop"
"2026-05-10 08:27:52","File Created","LOW","__init__.py in Desktop"
"2026-05-10 08:27:52","File Created","LOW","py.typed in Desktop"
"2026-05-10 08:27:52","File Created","LOW","LICENSE in Desktop"
"2026-05-10 08:27:52","File Created","LOW","distro.py in Desktop"
"2026-05-10 08:27:52","File Created","LOW","__init__.py in Desktop"
"2026-05-10 08:27:52","File Created","LOW","w64.exe in Desktop"
"2026-05-10 08:27:52","File Created","LOW","w64-arm.exe in Desktop"
"2026-05-10 08:27:52","File Created","LOW","w32.exe in Desktop"
"2026-05-10 08:27:52","File Created","LOW","util.py in Desktop"
"2026-05-10 08:27:52","File Created","LOW","t64.exe in Desktop"
"2026-05-10 08:27:52","File Created","LOW","t64-arm.exe in Desktop"
"2026-05-10 08:27:52","File Created","LOW","t32.exe in Desktop"
"2026-05-10 08:27:52","File Created","LOW","scripts.py in Desktop"
"2026-05-10 08:27:52","File Created","LOW","resources.py in Desktop"
"2026-05-10 08:27:52","File Created","LOW","LICENSE.txt in Desktop"
"2026-05-10 08:27:52","File Created","LOW","compat.py in Desktop"
"2026-05-10 08:27:52","File Created","LOW","__main__.py in Desktop"
"2026-05-10 08:27:52","File Created","LOW","__init__.py in Desktop"
"2026-05-10 08:27:52","File Created","LOW","_toml_compat.py in Desktop"
"2026-05-10 08:27:52","File Created","LOW","_pip_wrapper.py in Desktop"
"2026-05-10 08:27:52","File Created","LOW","_lint_dependency_groups.py in Desktop"
"2026-05-10 08:27:52","File Created","LOW","_implementation.py in Desktop"
"2026-05-10 08:27:52","File Created","LOW","py.typed in Desktop"
"2026-05-10 08:27:52","File Created","LOW","LICENSE.txt in Desktop"
"2026-05-10 08:27:52","File Created","LOW","__main__.py in Desktop"
"2026-05-10 08:27:52","File Created","LOW","__init__.py in Desktop"
"2026-05-10 08:27:52","File Created","LOW","py.typed in Desktop"
"2026-05-10 08:27:52","File Created","LOW","LICENSE in Desktop"
"2026-05-10 08:27:52","File Created","LOW","core.py in Desktop"
"2026-05-10 08:27:52","File Created","LOW","cacert.pem in Desktop"
"2026-05-10 08:27:52","File Created","LOW","__init__.py in Desktop"
"2026-05-10 08:27:52","File Created","LOW","_cmd.py in Desktop"
"2026-05-10 08:27:52","File Created","LOW","wrapper.py in Desktop"
"2026-05-10 08:27:52","File Created","LOW","serialize.py in Desktop"
"2026-05-10 08:27:52","File Created","LOW","py.typed in Desktop"
"2026-05-10 08:27:52","File Created","LOW","LICENSE.txt in Desktop"
"2026-05-10 08:27:52","File Created","LOW","heuristics.py in Desktop"
"2026-05-10 08:27:52","File Created","LOW","filewrapper.py in Desktop"
"2026-05-10 08:27:52","File Created","LOW","controller.py in Desktop"
"2026-05-10 08:27:52","File Created","LOW","cache.py in Desktop"
"2026-05-10 08:27:52","File Created","LOW","adapter.py in Desktop"
"2026-05-10 08:27:52","File Created","LOW","__pip-runner__.cpython-314.pyc in Desktop"
"2026-05-10 08:27:52","File Created","LOW","__main__.cpython-314.pyc in Desktop"
"2026-05-10 08:27:52","File Created","LOW","__init__.cpython-314.pyc in Desktop"
"2026-05-10 08:27:52","File Created","LOW","__init__.py in Desktop"
"2026-05-10 08:27:52","File Created","LOW","vendor.txt in Desktop"
"2026-05-10 08:27:52","File Created","LOW","README.rst in Desktop"
"2026-05-10 08:27:52","File Created","LOW","__init__.py in Desktop"
"2026-05-10 08:27:52","File Created","LOW","wheel_builder.py in Desktop"
"2026-05-10 08:27:52","File Created","LOW","self_outdated_check.py in Desktop"
"2026-05-10 08:27:52","File Created","LOW","pyproject.py in Desktop"
"2026-05-10 08:27:51","File Created","LOW","main.py in Desktop"
"2026-05-10 08:27:51","File Created","LOW","exceptions.py in Desktop"
"2026-05-10 08:27:51","File Created","LOW","configuration.py in Desktop"
"2026-05-10 08:27:51","File Created","LOW","cache.py in Desktop"
"2026-05-10 08:27:51","File Created","LOW","build_env.py in Desktop"
"2026-05-10 08:27:51","File Created","LOW","LICENSE.txt in Desktop"
"2026-05-10 08:27:51","File Created","LOW","LICENSE in Desktop"
"2026-05-10 08:27:51","File Created","LOW","LICENSE in Desktop"
"2026-05-10 08:27:51","File Created","LOW","LICENSE in Desktop"
"2026-05-10 08:27:51","File Created","LOW","LICENSE in Desktop"
"2026-05-10 08:27:51","File Created","LOW","LICENSE in Desktop"
"2026-05-10 08:27:51","File Created","LOW","LICENSE in Desktop"
"2026-05-10 08:27:51","File Created","LOW","LICENSE in Desktop"
"2026-05-10 08:27:51","File Created","LOW","LICENSE in Desktop"
"2026-05-10 08:27:51","File Created","LOW","LICENSE in Desktop"
"2026-05-10 08:27:51","File Created","LOW","LICENSE in Desktop"
"2026-05-10 08:27:51","File Created","LOW","LICENSE.BSD in Desktop"
"2026-05-10 08:27:51","File Created","LOW","LICENSE.APACHE in Desktop"
"2026-05-10 08:27:51","File Created","LOW","LICENSE in Desktop"
"2026-05-10 08:27:51","File Created","LOW","COPYING in Desktop"
"2026-05-10 08:27:51","File Created","LOW","LICENSE.md in Desktop"
"2026-05-10 08:27:51","File Created","LOW","LICENSE in Desktop"
"2026-05-10 08:27:51","File Created","LOW","LICENSE.txt in Desktop"
"2026-05-10 08:27:51","File Created","LOW","LICENSE.txt in Desktop"
"2026-05-10 08:27:51","File Created","LOW","LICENSE in Desktop"
"2026-05-10 08:27:51","File Created","LOW","LICENSE.txt in Desktop"
"2026-05-10 08:27:51","File Created","LOW","LICENSE.txt in Desktop"
"2026-05-10 08:27:51","File Created","LOW","AUTHORS.txt in Desktop"
"2026-05-10 08:27:51","File Created","LOW","LICENSE in Desktop"
"2026-05-10 08:27:51","File Created","LOW","LICENSE in Desktop"
"2026-05-10 08:27:51","File Created","LOW","__init__.cpython-314.pyc in Desktop"
"2026-05-10 08:27:51","File Created","LOW","ws.cpython-314.pyc in Desktop"
"2026-05-10 08:27:51","File Created","LOW","errors.cpython-314.pyc in Desktop"
"2026-05-10 08:27:51","File Created","LOW","asgi.cpython-314.pyc in Desktop"
"2026-05-10 08:27:51","File Created","LOW","aiows.cpython-314.pyc in Desktop"
"2026-05-10 08:27:51","File Created","LOW","__init__.cpython-314.pyc in Desktop"
"2026-05-10 08:27:51","File Created","LOW","zmq_manager.cpython-314.pyc in Desktop"
"2026-05-10 08:27:51","File Created","LOW","tornado.cpython-314.pyc in Desktop"
"2026-05-10 08:27:51","File Created","LOW","simple_client.cpython-314.pyc in Desktop"
"2026-05-10 08:27:51","File Created","LOW","server.cpython-314.pyc in Desktop"
"2026-05-10 08:27:51","File Created","LOW","redis_manager.cpython-314.pyc in Desktop"
"2026-05-10 08:27:51","File Created","LOW","pubsub_manager.cpython-314.pyc in Desktop"
"2026-05-10 08:27:51","File Created","LOW","packet.cpython-314.pyc in Desktop"
"2026-05-10 08:27:51","File Created","LOW","namespace.cpython-314.pyc in Desktop"
"2026-05-10 08:27:51","File Created","LOW","msgpack_packet.cpython-314.pyc in Desktop"
"2026-05-10 08:27:51","File Created","LOW","middleware.cpython-314.pyc in Desktop"
"2026-05-10 08:27:51","File Created","LOW","manager.cpython-314.pyc in Desktop"
"2026-05-10 08:27:51","File Created","LOW","kombu_manager.cpython-314.pyc in Desktop"
"2026-05-10 08:27:51","File Created","LOW","kafka_manager.cpython-314.pyc in Desktop"
"2026-05-10 08:27:51","File Created","LOW","exceptions.cpython-314.pyc in Desktop"
"2026-05-10 08:27:51","File Created","LOW","client.cpython-314.pyc in Desktop"
"2026-05-10 08:27:51","File Created","LOW","base_server.cpython-314.pyc in Desktop"
"2026-05-10 08:27:51","File Created","LOW","base_namespace.cpython-314.pyc in Desktop"
"2026-05-10 08:27:51","File Created","LOW","base_manager.cpython-314.pyc in Desktop"
"2026-05-10 08:27:51","File Created","LOW","base_client.cpython-314.pyc in Desktop"
"2026-05-10 08:27:51","File Created","LOW","async_simple_client.cpython-314.pyc in Desktop"
"2026-05-10 08:27:51","File Created","LOW","async_server.cpython-314.pyc in Desktop"
"2026-05-10 08:27:51","File Created","LOW","async_redis_manager.cpython-314.pyc in Desktop"
"2026-05-10 08:27:51","File Created","LOW","async_pubsub_manager.cpython-314.pyc in Desktop"
"2026-05-10 08:27:51","File Created","LOW","async_namespace.cpython-314.pyc in Desktop"
"2026-05-10 08:27:51","File Created","LOW","async_manager.cpython-314.pyc in Desktop"
"2026-05-10 08:27:50","File Created","LOW","async_client.cpython-314.pyc in Desktop"
"2026-05-10 08:27:50","File Created","LOW","async_aiopika_manager.cpython-314.pyc in Desktop"
"2026-05-10 08:27:50","File Created","LOW","async_admin.cpython-314.pyc in Desktop"
"2026-05-10 08:27:50","File Created","LOW","asgi.cpython-314.pyc in Desktop"
"2026-05-10 08:27:50","File Created","LOW","admin.cpython-314.pyc in Desktop"
"2026-05-10 08:27:50","File Created","LOW","__init__.cpython-314.pyc in Desktop"
"2026-05-10 08:27:50","File Created","LOW","structures.cpython-314.pyc in Desktop"
"2026-05-10 08:27:50","File Created","LOW","range.cpython-314.pyc in Desktop"
"2026-05-10 08:27:50","File Created","LOW","mixins.cpython-314.pyc in Desktop"
"2026-05-10 08:27:50","File Created","LOW","headers.cpython-314.pyc in Desktop"
"2026-05-10 08:27:50","File Created","LOW","file_storage.cpython-314.pyc in Desktop"
"2026-05-10 08:27:50","File Created","LOW","etag.cpython-314.pyc in Desktop"
"2026-05-10 08:27:50","File Created","LOW","csp.cpython-314.pyc in Desktop"
"2026-05-10 08:27:50","File Created","LOW","cache_control.cpython-314.pyc in Desktop"
"2026-05-10 08:27:50","File Created","LOW","auth.cpython-314.pyc in Desktop"
"2026-05-10 08:27:50","File Created","LOW","accept.cpython-314.pyc in Desktop"
"2026-05-10 08:27:50","File Created","LOW","__init__.cpython-314.pyc in Desktop"
"2026-05-10 08:27:50","File Created","LOW","tbtools.cpython-314.pyc in Desktop"
"2026-05-10 08:27:50","File Created","LOW","repr.cpython-314.pyc in Desktop"
"2026-05-10 08:27:50","File Created","LOW","console.cpython-314.pyc in Desktop"
"2026-05-10 08:27:50","File Created","LOW","style.css in Desktop"
"2026-05-10 08:27:50","File Created","LOW","more.png in Desktop"
"2026-05-10 08:27:50","File Created","LOW","less.png in Desktop"
"2026-05-10 08:27:50","File Created","LOW","ICON_LICENSE.md in Desktop"
"2026-05-10 08:27:50","File Created","LOW","debugger.js in Desktop"
"2026-05-10 08:27:50","File Created","LOW","console.png in Desktop"
"2026-05-10 08:27:50","File Created","LOW","__init__.cpython-314.pyc in Desktop"
"2026-05-10 08:27:50","File Created","LOW","shared_data.cpython-314.pyc in Desktop"
"2026-05-10 08:27:50","File Created","LOW","proxy_fix.cpython-314.pyc in Desktop"
"2026-05-10 08:27:50","File Created","LOW","profiler.cpython-314.pyc in Desktop"
"2026-05-10 08:27:50","File Created","LOW","lint.cpython-314.pyc in Desktop"
"2026-05-10 08:27:50","File Created","LOW","http_proxy.cpython-314.pyc in Desktop"
"2026-05-10 08:27:50","File Created","LOW","dispatcher.cpython-314.pyc in Desktop"
"2026-05-10 08:27:50","File Created","LOW","__init__.cpython-314.pyc in Desktop"
"2026-05-10 08:27:50","File Created","LOW","rules.cpython-314.pyc in Desktop"
"2026-05-10 08:27:50","File Created","LOW","matcher.cpython-314.pyc in Desktop"
"2026-05-10 08:27:50","File Created","LOW","map.cpython-314.pyc in Desktop"
"2026-05-10 08:27:50","File Created","LOW","exceptions.cpython-314.pyc in Desktop"
"2026-05-10 08:27:50","File Created","LOW","converters.cpython-314.pyc in Desktop"
"2026-05-10 08:27:50","File Created","LOW","__init__.cpython-314.pyc in Desktop"
"2026-05-10 08:27:50","File Created","LOW","utils.cpython-314.pyc in Desktop"
"2026-05-10 08:27:50","File Created","LOW","response.cpython-314.pyc in Desktop"
"2026-05-10 08:27:50","File Created","LOW","request.cpython-314.pyc in Desktop"
"2026-05-10 08:27:50","File Created","LOW","multipart.cpython-314.pyc in Desktop"
"2026-05-10 08:27:50","File Created","LOW","http.cpython-314.pyc in Desktop"
"2026-05-10 08:27:50","File Created","LOW","__init__.cpython-314.pyc in Desktop"
"2026-05-10 08:27:50","File Created","LOW","response.cpython-314.pyc in Desktop"
"2026-05-10 08:27:50","File Created","LOW","request.cpython-314.pyc in Desktop"
"2026-05-10 08:27:50","File Created","LOW","__init__.cpython-314.pyc in Desktop"
"2026-05-10 08:27:50","File Created","LOW","_reloader.cpython-314.pyc in Desktop"
"2026-05-10 08:27:50","File Created","LOW","_internal.cpython-314.pyc in Desktop"
"2026-05-10 08:27:50","File Created","LOW","wsgi.cpython-314.pyc in Desktop"
"2026-05-10 08:27:50","File Created","LOW","utils.cpython-314.pyc in Desktop"
"2026-05-10 08:27:50","File Created","LOW","user_agent.cpython-314.pyc in Desktop"
"2026-05-10 08:27:50","File Created","LOW","urls.cpython-314.pyc in Desktop"
"2026-05-10 08:27:50","File Created","LOW","testapp.cpython-314.pyc in Desktop"
"2026-05-10 08:27:50","File Created","LOW","test.cpython-314.pyc in Desktop"
"2026-05-10 08:27:50","File Created","LOW","serving.cpython-314.pyc in Desktop"
"2026-05-10 08:27:50","File Created","LOW","security.cpython-314.pyc in Desktop"
"2026-05-10 08:27:50","File Created","LOW","local.cpython-314.pyc in Desktop"
"2026-05-10 08:27:49","File Created","LOW","http.cpython-314.pyc in Desktop"
"2026-05-10 08:27:49","File Created","LOW","formparser.cpython-314.pyc in Desktop"
"2026-05-10 08:27:49","File Created","LOW","exceptions.cpython-314.pyc in Desktop"
"2026-05-10 08:27:49","File Created","LOW","__init__.py in Desktop"
"2026-05-10 08:27:49","File Created","LOW","response.py in Desktop"
"2026-05-10 08:27:49","File Created","LOW","request.py in Desktop"
"2026-05-10 08:27:49","File Created","LOW","__init__.py in Desktop"
"2026-05-10 08:27:49","File Created","LOW","utils.py in Desktop"
"2026-05-10 08:27:49","File Created","LOW","response.py in Desktop"
"2026-05-10 08:27:49","File Created","LOW","request.py in Desktop"
"2026-05-10 08:27:49","File Created","LOW","multipart.py in Desktop"
"2026-05-10 08:27:49","File Created","LOW","http.py in Desktop"
"2026-05-10 08:27:49","File Created","LOW","__init__.py in Desktop"
"2026-05-10 08:27:49","File Created","LOW","rules.py in Desktop"
"2026-05-10 08:27:49","File Created","LOW","matcher.py in Desktop"
"2026-05-10 08:27:49","File Created","LOW","map.py in Desktop"
"2026-05-10 08:27:49","File Created","LOW","exceptions.py in Desktop"
"2026-05-10 08:27:49","File Created","LOW","converters.py in Desktop"
"2026-05-10 08:27:49","File Created","LOW","__init__.py in Desktop"
"2026-05-10 08:27:49","File Created","LOW","shared_data.py in Desktop"
"2026-05-10 08:27:49","File Created","LOW","proxy_fix.py in Desktop"
"2026-05-10 08:27:49","File Created","LOW","profiler.py in Desktop"
"2026-05-10 08:27:49","File Created","LOW","lint.py in Desktop"
"2026-05-10 08:27:49","File Created","LOW","http_proxy.py in Desktop"
"2026-05-10 08:27:49","File Created","LOW","dispatcher.py in Desktop"
"2026-05-10 08:27:49","File Created","LOW","__init__.py in Desktop"
"2026-05-10 08:27:49","File Created","LOW","tbtools.py in Desktop"
"2026-05-10 08:27:49","File Created","LOW","repr.py in Desktop"
"2026-05-10 08:27:49","File Created","LOW","console.py in Desktop"
"2026-05-10 08:27:49","File Created","LOW","__init__.py in Desktop"
